Titre,URL
Retirer de l’argent de votre société via l’octroi de dividendes,https://compta.webwin.be/monthly-ligthing-on/retirer-de-largent-de-votre-societe-via-loctroi-de-dividendes
Retirer de l’argent de votre société via un prélèvement en compte courant,https://compta.webwin.be/monthly-ligthing-on/retirer-de-largent-de-votre-societe-via-un-prelevement-en-compte-courant
Dirigeant d'entreprise (société) : indemnité forfaitaire de frais,https://compta.webwin.be/monthly-ligthing-on/dirigeant-dentreprise-societe-indemnite-forfaitaire-de-frais
Travailleur et indemnité de frais forfaitaire,https://compta.webwin.be/monthly-ligthing-on/travailleur-et-indemnite-de-frais-forfaitaire
À combien s'élèvera votre pension légale d'indépendant?,https://compta.webwin.be/monthly-ligthing-on/uw-rustpensioen-als-zelfstandige
Les différents documents comptables auxquels vous pouvez être confronté,https://compta.webwin.be/monthly-ligthing-on/les-differents-documents-comptables-auxquels-vous-pouvez-etre-confronte
Quotité exemptée d'impôt du contribuable (IPP) : montant de base et majorations,https://compta.webwin.be/monthly-ligthing-on/quotite-exemptee-dimpot-du-contribuable-ipp-montant-de-base-et-majorations
Différents régimes matrimoniaux à la loupe,https://compta.webwin.be/monthly-ligthing-on/differents-regimes-matrimoniaux-a-la-loupe
La rémunération du dirigeant d’entreprise,https://compta.webwin.be/monthly-ligthing-on/la-remuneration-du-dirigeant-dentreprise
Le guichet unique I-OSS,https://compta.webwin.be/monthly-ligthing-on/le-guichet-unique-i-oss
ATN Voiture 2025,https://compta.webwin.be/calculator/atn-voiture-2025
Déductibilité des frais de voiture 2017-2031,https://compta.webwin.be/calculator/deductibilite-des-frais-de-voiture-2017-2031
Cotisation CO2 pour voitures de société en 2025,https://compta.webwin.be/calculator/cotisation-co2-pour-voitures-de-societe-en-2024
Pension Libre Complémentaire pour Indépendant (PLCI),https://compta.webwin.be/monthly-ligthing-on/pension-libre-complementaire-pour-independant-plci
Contrôle et investigations,https://compta.webwin.be/monthly-ligthing-on/controle-et-investigations
Indemnité journalière forfaitaire pour un déplacement en Belgique,https://compta.webwin.be/calculator/indemnite-journaliere-forfaitaire-pour-un-deplacement-en-belgique
Indemnité journalière forfaitaire pour un déplacement à l'étranger (à partir du 15.02.2023),https://compta.webwin.be/calculator/indemnite-journaliere-forfaitaire-pour-un-deplacement-a-letranger-a-partir-du-15022023
Avantage habitation et énergie - année de revenus 2024,https://compta.webwin.be/calculator/avantage-habitation-et-energie-annee-de-revenus-2024
Recouvrement de l’impôt,https://compta.webwin.be/monthly-ligthing-on/recouvrement-de-limpot-1
Compte courant au sein de la société,https://compta.webwin.be/monthly-ligthing-on/compte-courant-au-sein-de-la-societe
Le régime de la marge pour les biens d’occasion,https://compta.webwin.be/monthly-ligthing-on/le-regime-de-la-marge-pour-les-biens-doccasion
"PCLI, PLCS et CPTI",https://compta.webwin.be/monthly-ligthing-on/pcli-plcs-et-cpti
Importer en exemption de TVA et droits d’importation : le perfectionnement actif,https://compta.webwin.be/monthly-ligthing-on/importer-en-exemption-de-tva-et-droits-dimportation-le-perfectionnement-actif
Passage de l'indépendant à la société,https://compta.webwin.be/calculator/passage-de-lindependant-a-la-societe
Qu'est-ce qu'une unité TVA? Qui peut/doit en faire partie? Quelles sont les conditions applicables?,https://compta.webwin.be/monthly-ligthing-on/quest-ce-quune-unite-tva-qui-peutdoit-en-faire-partie-quelles-sont-les-conditions-applicables
TVA : la contrepartie ne consiste pas ou ne consiste pas uniquement en une somme d’argent,https://compta.webwin.be/monthly-ligthing-on/la-contrepartie-ne-consiste-pas-ou-ne-consiste-pas-uniquement-en-une-somme-dargent
TVA : base d’imposition lorsque la contrepartie consiste uniquement en une somme d'argent,https://compta.webwin.be/monthly-ligthing-on/tva-base-dimposition-lorsque-la-contrepartie-consiste-uniquement-en-une-somme-dargent
Droits de donation sur biens immobiliers - Région flamande,https://compta.webwin.be/calculator/droits-de-donation-sur-biens-immobiliers-region-flamande
Droits de donation sur biens immobiliers - Région bruxelloise,https://compta.webwin.be/calculator/droits-de-donation-sur-biens-immobiliers-region-bruxelloise
Optimiser votre assurance groupe ou EIP,https://compta.webwin.be/calculator/optimiser-votre-assurance-groupe-ou-eip
Cadeaux pour relations d'affaires ou personnel,https://compta.webwin.be/calculator/cadeaux-pour-relations-daffaires-ou-personnel
Cotisations sociales des starters indépendants à titre principal,https://compta.webwin.be/calculator/cotisations-sociales-des-starters-independants-a-titre-principal
Droits de donation sur biens immobiliers - Région wallonne,https://compta.webwin.be/calculator/droits-de-donation-sur-biens-immobiliers-region-wallonne
Calcul des droits d'enregistrement dus en cas d'apport mixte,https://compta.webwin.be/calculator/calcul-des-droits-denregistrement-dus-en-cas-dapport-mixte
